{
  "1": {
    "x": [
      -56.29165124598852,
      -71.29165124598852,
      -71.29165124598852,
      -56.29165124598852,
      -41.29165124598852,
      -41.29165124598852,
      -56.29165124598851
    ],
    "y": [
      24.820508075688775,
      16.16025403784439,
      -1.1602540378443837,
      -9.820508075688775,
      -1.1602540378443944,
      16.16025403784439,
      24.820508075688775
    ]
  },
  "2": {
    "x": [
      -47.63139720814412,
      -62.63139720814412,
      -62.63139720814412,
      -47.63139720814412,
      -32.63139720814412,
      -32.63139720814412,
      -47.631397208144115
    ],
    "y": [
      9.820508075688775,
      1.160254037844389,
      -16.160254037844382,
      -24.820508075688775,
      -16.160254037844396,
      1.160254037844389,
      9.820508075688775
    ]
  },
  "8": {
    "x": [
      -38.97114317029974,
      -53.97114317029974,
      -53.97114317029974,
      -38.97114317029974,
      -23.971143170299744,
      -23.97114317029974,
      -38.97114317029973
    ],
    "y": [
      24.820508075688775,
      16.16025403784439,
      -1.1602540378443837,
      -9.820508075688775,
      -1.1602540378443944,
      16.16025403784439,
      24.820508075688775
    ]
  },
  "9": {
    "x": [
      -30.310889132455355,
      -45.31088913245536,
      -45.31088913245536,
      -30.310889132455358,
      -15.310889132455358,
      -15.310889132455355,
      -30.31088913245535
    ],
    "y": [
      9.820508075688775,
      1.160254037844389,
      -16.160254037844382,
      -24.820508075688775,
      -16.160254037844396,
      1.160254037844389,
      9.820508075688775
    ]
  },
  "15": {
    "x": [
      -21.65063509461097,
      -36.65063509461097,
      -36.65063509461097,
      -21.650635094610973,
      -6.650635094610973,
      -6.650635094610969,
      -21.650635094610966
    ],
    "y": [
      24.820508075688775,
      16.16025403784439,
      -1.1602540378443837,
      -9.820508075688775,
      -1.1602540378443944,
      16.16025403784439,
      24.820508075688775
    ]
  },
  "16": {
    "x": [
      -12.99038105676658,
      -27.99038105676658,
      -27.99038105676658,
      -12.990381056766582,
      2.0096189432334164,
      2.00961894323342,
      -12.990381056766577
    ],
    "y": [
      9.820508075688775,
      1.160254037844389,
      -16.160254037844382,
      -24.820508075688775,
      -16.160254037844396,
      1.160254037844389,
      9.820508075688775
    ]
  },
  "22": {
    "x": [
      -4.3301270189221945,
      -19.330127018922195,
      -19.330127018922198,
      -4.330127018922196,
      10.669872981077802,
      10.669872981077805,
      -4.33012701892219
    ],
    "y": [
      24.820508075688775,
      16.16025403784439,
      -1.1602540378443837,
      -9.820508075688775,
      -1.1602540378443944,
      16.16025403784439,
      24.820508075688775
    ]
  },
  "23": {
    "x": [
      4.3301270189221945,
      -10.669872981077805,
      -10.669872981077807,
      4.330127018922193,
      19.33012701892219,
      19.330127018922195,
      4.330127018922199
    ],
    "y": [
      9.820508075688775,
      1.160254037844389,
      -16.160254037844382,
      -24.820508075688775,
      -16.160254037844396,
      1.160254037844389,
      9.820508075688775
    ]
  },
  "29": {
    "x": [
      12.99038105676658,
      -2.00961894323342,
      -2.0096189432334217,
      12.990381056766578,
      27.990381056766577,
      27.99038105676658,
      12.990381056766584
    ],
    "y": [
      24.820508075688775,
      16.16025403784439,
      -1.1602540378443837,
      -9.820508075688775,
      -1.1602540378443944,
      16.16025403784439,
      24.820508075688775
    ]
  },
  "30": {
    "x": [
      21.65063509461097,
      6.650635094610969,
      6.650635094610967,
      21.650635094610966,
      36.65063509461096,
      36.65063509461097,
      21.650635094610973
    ],
    "y": [
      9.820508075688775,
      1.160254037844389,
      -16.160254037844382,
      -24.820508075688775,
      -16.160254037844396,
      1.160254037844389,
      9.820508075688775
    ]
  },
  "36": {
    "x": [
      30.310889132455355,
      15.310889132455355,
      15.310889132455353,
      30.31088913245535,
      45.31088913245535,
      45.31088913245536,
      30.310889132455358
    ],
    "y": [
      24.820508075688775,
      16.16025403784439,
      -1.1602540378443837,
      -9.820508075688775,
      -1.1602540378443944,
      16.16025403784439,
      24.820508075688775
    ]
  },
  "37": {
    "x": [
      38.97114317029974,
      23.97114317029974,
      23.97114317029974,
      38.97114317029974,
      53.97114317029974,
      53.97114317029974,
      38.97114317029975
    ],
    "y": [
      9.820508075688775,
      1.160254037844389,
      -16.160254037844382,
      -24.820508075688775,
      -16.160254037844396,
      1.160254037844389,
      9.820508075688775
    ]
  },
  "43": {
    "x": [
      47.63139720814412,
      32.63139720814412,
      32.63139720814412,
      47.63139720814412,
      62.63139720814412,
      62.63139720814412,
      47.63139720814413
    ],
    "y": [
      24.820508075688775,
      16.16025403784439,
      -1.1602540378443837,
      -9.820508075688775,
      -1.1602540378443944,
      16.16025403784439,
      24.820508075688775
    ]
  },
  "44": {
    "x": [
      56.29165124598852,
      41.29165124598852,
      41.29165124598852,
      56.29165124598852,
      71.29165124598852,
      71.29165124598852,
      56.291651245988525
    ],
    "y": [
      9.820508075688775,
      1.160254037844389,
      -16.160254037844382,
      -24.820508075688775,
      -16.160254037844396,
      1.160254037844389,
      9.820508075688775
    ]
  }
}